,green_1,green2,green3,green4
0,8.012575860321522,7.882723265886306,7.9088717848062515,7.918706551194191
1,8.002557773888112,8.026909935474395,7.988730579614639,8.041679486632347
2,15.015529480576516,16.06612547636032,3.3348802775144577,2.8013097792863846
3,11.613265612721444,11.603349059820175,11.699935734272003,11.727911710739136
4,13.988141521811487,14.647389024496078,11.250000089406967,11.194725751876831
5,29.355084961652757,30.649129307270048,7.014769569039345,6.189891815185547
6,21.86659514307976,21.846260023117065,22.440763413906097,22.537614226341248
7,15.469420292973519,16.140444141626357,11.461153507232666,11.140316873788834
8,46.56067814826966,32.60823497772217,38.95918786525726,38.99163472652435
